model,keep,arm,seed,status,global_step,total_updates,training_examples,parameters,learning_rate,distill_alpha,ms_per_update,gpu_processes,subset_method,subset_sha256,baseline_sha256,masks_sha256
afrcnn12,1000,S1,13,completed,40000,40000,1000,3059372,0.001,,712.86,2,random,d54b945e50e20dfa,6f9dc2c700b03ed3,13a774ee64c587ac
afrcnn12,1000,S1,2026,completed,40000,40000,1000,3059372,0.001,,347.35,6,random,7e8c7eedb3f7922c,6f9dc2c700b03ed3,13a774ee64c587ac
afrcnn12,1000,S1,42,completed,40000,40000,1000,3059372,0.001,,701.51,12,random,f84f21cdeaf38f2d,6f9dc2c700b03ed3,13a774ee64c587ac
afrcnn12,1000,S1,7,completed,40000,40000,1000,3059372,0.001,,702.76,8,random,1b37230791199905,6f9dc2c700b03ed3,13a774ee64c587ac
afrcnn12,1000,S1,99,completed,40000,40000,1000,3059372,0.001,,712.72,3,random,a65b478b7a45224c,6f9dc2c700b03ed3,13a774ee64c587ac
afrcnn12,1000,S2,13,completed,40000,40000,1000,3059372,0.001,,712.72,4,hard,3273f8bcc545e708,6f9dc2c700b03ed3,13a774ee64c587ac
afrcnn12,1000,S2,2026,completed,40000,40000,1000,3059372,0.001,,702.72,8,hard,36a347260d1cb34c,6f9dc2c700b03ed3,13a774ee64c587ac
afrcnn12,1000,S2,42,completed,40000,40000,1000,3059372,0.001,,701.87,11,hard,95710d9df6197d97,6f9dc2c700b03ed3,13a774ee64c587ac
afrcnn12,1000,S2,7,completed,40000,40000,1000,3059372,0.001,,713.03,1,hard,35105722e21487cc,6f9dc2c700b03ed3,13a774ee64c587ac
afrcnn12,1000,S2,99,completed,40000,40000,1000,3059372,0.001,,700.36,14,hard,b7489acc0308aeb9,6f9dc2c700b03ed3,13a774ee64c587ac
afrcnn12,1000,S3,13,completed,40000,40000,1000,3059372,0.001,,258.94,4,gap_db,1d2b33419b693e7b,6f9dc2c700b03ed3,13a774ee64c587ac
afrcnn12,1000,S3,2026,completed,40000,40000,1000,3059372,0.001,,259.04,3,gap_db,28d4533832953924,6f9dc2c700b03ed3,13a774ee64c587ac
afrcnn12,1000,S3,42,completed,40000,40000,1000,3059372,0.001,,259.64,5,gap_db,0f67444bebae9f26,6f9dc2c700b03ed3,13a774ee64c587ac
afrcnn12,1000,S3,7,completed,40000,40000,1000,3059372,0.001,,258.89,2,gap_db,efe7aed32aeaca49,6f9dc2c700b03ed3,13a774ee64c587ac
afrcnn12,1000,S3,99,completed,40000,40000,1000,3059372,0.001,,258.98,1,gap_db,3d229ce17ce90e06,6f9dc2c700b03ed3,13a774ee64c587ac
afrcnn12,1000,S3p,13,completed,40000,40000,1000,3059372,0.001,,700.6,13,gap_rank,84682dcc54a72943,6f9dc2c700b03ed3,13a774ee64c587ac
afrcnn12,1000,S3p,2026,completed,40000,40000,1000,3059372,0.001,,702.14,10,gap_rank,70cdc3606466c0b3,6f9dc2c700b03ed3,13a774ee64c587ac
afrcnn12,1000,S3p,42,completed,40000,40000,1000,3059372,0.001,,702.38,9,gap_rank,bd719180d629bc77,6f9dc2c700b03ed3,13a774ee64c587ac
afrcnn12,1000,S3p,7,completed,40000,40000,1000,3059372,0.001,,708.02,6,gap_rank,15d627aa5d6f90f2,6f9dc2c700b03ed3,13a774ee64c587ac
afrcnn12,1000,S3p,99,completed,40000,40000,1000,3059372,0.001,,712.7,5,gap_rank,e5b2f7c15feede35,6f9dc2c700b03ed3,13a774ee64c587ac
afrcnn12,10000,K0,13,completed,40000,40000,20000,3059372,0.001,0.5,390.97,3,full,,6f9dc2c700b03ed3,13a774ee64c587ac
afrcnn12,10000,K0,2026,completed,40000,40000,20000,3059372,0.001,0.5,390.47,3,full,,6f9dc2c700b03ed3,13a774ee64c587ac
afrcnn12,10000,K0,7,completed,40000,40000,20000,3059372,0.001,0.5,387.07,3,full,,6f9dc2c700b03ed3,13a774ee64c587ac
afrcnn12,10000,S0,13,completed,40000,40000,20000,3059372,0.001,,351.92,5,full,,6f9dc2c700b03ed3,13a774ee64c587ac
afrcnn12,10000,S0,2026,completed,40000,40000,20000,3059372,0.001,,353.61,6,full,,6f9dc2c700b03ed3,13a774ee64c587ac
afrcnn12,10000,S0,7,completed,40000,40000,20000,3059372,0.001,,349.86,7,full,,6f9dc2c700b03ed3,13a774ee64c587ac
afrcnn12,10000,S1,13,completed,40000,40000,10000,3059372,0.001,,251.86,5,random,a39c0814b949a12f,6f9dc2c700b03ed3,13a774ee64c587ac
afrcnn12,10000,S1,2026,completed,40000,40000,10000,3059372,0.001,,252.25,3,random,5cf1e3f61523cace,6f9dc2c700b03ed3,13a774ee64c587ac
afrcnn12,10000,S1,7,completed,40000,40000,10000,3059372,0.001,,251.73,4,random,55969f3444deefc6,6f9dc2c700b03ed3,13a774ee64c587ac
afrcnn12,10000,S2,13,completed,40000,40000,10000,3059372,0.001,,351.58,7,hard,a829682a74f68765,6f9dc2c700b03ed3,13a774ee64c587ac
afrcnn12,10000,S2,2026,completed,40000,40000,10000,3059372,0.001,,353.69,5,hard,188a1469a6378ec8,6f9dc2c700b03ed3,13a774ee64c587ac
afrcnn12,10000,S2,7,completed,40000,40000,10000,3059372,0.001,,349.86,5,hard,d48ff9ecd567c2a2,6f9dc2c700b03ed3,13a774ee64c587ac
afrcnn12,10000,S3,13,completed,40000,40000,10000,3059372,0.001,,351.56,6,gap_db,45c9c66f9a01e7dd,6f9dc2c700b03ed3,13a774ee64c587ac
afrcnn12,10000,S3,2026,completed,40000,40000,10000,3059372,0.001,,353.48,7,gap_db,a68e70f1791ef7d7,6f9dc2c700b03ed3,13a774ee64c587ac
afrcnn12,10000,S3,7,completed,40000,40000,10000,3059372,0.001,,349.89,6,gap_db,a86526e5d2ec91c4,6f9dc2c700b03ed3,13a774ee64c587ac
afrcnn12,10000,S3p,13,completed,40000,40000,10000,3059372,0.001,,358.48,4,gap_rank,db3a6a32e0ea7312,6f9dc2c700b03ed3,13a774ee64c587ac
afrcnn12,10000,S3p,2026,completed,40000,40000,10000,3059372,0.001,,355.44,4,gap_rank,92dd462125cc51aa,6f9dc2c700b03ed3,13a774ee64c587ac
afrcnn12,10000,S3p,7,completed,40000,40000,10000,3059372,0.001,,350.01,5,gap_rank,cbc02b7e8032733c,6f9dc2c700b03ed3,13a774ee64c587ac
afrcnn12,200,S1,2026,completed,40000,40000,200,3059372,0.001,,347.37,5,random,d4c9aaa4c57811e2,6f9dc2c700b03ed3,13a774ee64c587ac
afrcnn12,2000,S1,13,completed,40000,40000,2000,3059372,0.001,,446.53,6,random,b48d640bbde67d9e,6f9dc2c700b03ed3,13a774ee64c587ac
afrcnn12,2000,S1,2026,completed,40000,40000,2000,3059372,0.001,,347.28,7,random,dd81a89a7210fbf6,6f9dc2c700b03ed3,13a774ee64c587ac
afrcnn12,2000,S1,42,completed,40000,40000,2000,3059372,0.001,,496.96,8,random,4a18058777595b87,6f9dc2c700b03ed3,13a774ee64c587ac
afrcnn12,2000,S1,7,completed,40000,40000,2000,3059372,0.001,,450.42,4,random,b93dfe8bd438188e,6f9dc2c700b03ed3,13a774ee64c587ac
afrcnn12,2000,S1,99,completed,40000,40000,2000,3059372,0.001,,498.19,9,random,936a18af104ad124,6f9dc2c700b03ed3,13a774ee64c587ac
afrcnn12,2000,S2,13,completed,40000,40000,2000,3059372,0.001,,446.82,9,hard,65d41796c9887cf4,6f9dc2c700b03ed3,13a774ee64c587ac
afrcnn12,2000,S2,2026,completed,40000,40000,2000,3059372,0.001,,446.85,9,hard,4c355002c27ef2fc,6f9dc2c700b03ed3,13a774ee64c587ac
afrcnn12,2000,S2,42,completed,40000,40000,2000,3059372,0.001,,496.89,8,hard,06f242eb6fc2b983,6f9dc2c700b03ed3,13a774ee64c587ac
afrcnn12,2000,S2,7,completed,40000,40000,2000,3059372,0.001,,452.39,3,hard,555209b22188a699,6f9dc2c700b03ed3,13a774ee64c587ac
afrcnn12,2000,S2,99,completed,40000,40000,2000,3059372,0.001,,496.68,8,hard,ffe3c56a8293404d,6f9dc2c700b03ed3,13a774ee64c587ac
afrcnn12,2000,S3,13,completed,40000,40000,2000,3059372,0.001,,503.98,2,gap_db,f4bbcdf39c59d7d4,6f9dc2c700b03ed3,13a774ee64c587ac
afrcnn12,2000,S3,2026,completed,40000,40000,2000,3059372,0.001,,504.08,3,gap_db,87e9f4744d64d45d,6f9dc2c700b03ed3,13a774ee64c587ac
afrcnn12,2000,S3,7,completed,40000,40000,2000,3059372,0.001,,499.4,4,gap_db,09e73b4b2221be03,6f9dc2c700b03ed3,13a774ee64c587ac
afrcnn12,2000,S3p,13,completed,40000,40000,2000,3059372,0.001,,446.9,9,gap_rank,79fe0f38c23ee66b,6f9dc2c700b03ed3,13a774ee64c587ac
afrcnn12,2000,S3p,2026,completed,40000,40000,2000,3059372,0.001,,446.66,5,gap_rank,20d0c7bfa5dead19,6f9dc2c700b03ed3,13a774ee64c587ac
afrcnn12,2000,S3p,42,completed,40000,40000,2000,3059372,0.001,,498.27,10,gap_rank,224f49f5b35380cc,6f9dc2c700b03ed3,13a774ee64c587ac
afrcnn12,2000,S3p,7,completed,40000,40000,2000,3059372,0.001,,452.93,2,gap_rank,dd9615b63e41f5c4,6f9dc2c700b03ed3,13a774ee64c587ac
afrcnn12,2000,S3p,99,completed,40000,40000,2000,3059372,0.001,,496.97,8,gap_rank,d58373f94d9f340b,6f9dc2c700b03ed3,13a774ee64c587ac
afrcnn12,500,S1,13,incomplete,,40000,500,3059372,0.001,,,,random,7d318f8bfdccb09b,6f9dc2c700b03ed3,13a774ee64c587ac
afrcnn12,500,S1,2026,completed,40000,40000,500,3059372,0.001,,352.14,3,random,0254c3cfcdd77484,6f9dc2c700b03ed3,13a774ee64c587ac
afrcnn12,500,S1,42,incomplete,,40000,500,3059372,0.001,,,,random,9fe8096d8d8b478b,6f9dc2c700b03ed3,13a774ee64c587ac
afrcnn12,500,S1,7,incomplete,,40000,500,3059372,0.001,,,,random,4920ef0bc2d0504a,6f9dc2c700b03ed3,13a774ee64c587ac
afrcnn12,500,S1,99,incomplete,,40000,500,3059372,0.001,,,,random,61a0d19b0b9959d2,6f9dc2c700b03ed3,13a774ee64c587ac
afrcnn12,500,S2,13,incomplete,,40000,500,3059372,0.001,,,,hard,a6d4751b986bb32e,6f9dc2c700b03ed3,13a774ee64c587ac
afrcnn12,500,S2,2026,incomplete,,40000,500,3059372,0.001,,,,hard,34c05c7680a92ab6,6f9dc2c700b03ed3,13a774ee64c587ac
afrcnn12,500,S2,42,incomplete,,40000,500,3059372,0.001,,,,hard,2792c0e2d385e117,6f9dc2c700b03ed3,13a774ee64c587ac
afrcnn12,500,S2,7,incomplete,,40000,500,3059372,0.001,,,,hard,4f56fc4247943301,6f9dc2c700b03ed3,13a774ee64c587ac
afrcnn12,500,S2,99,incomplete,,40000,500,3059372,0.001,,,,hard,b7acfdf7a401cf4d,6f9dc2c700b03ed3,13a774ee64c587ac
afrcnn12,500,S3p,13,incomplete,,40000,500,3059372,0.001,,,,gap_rank,5840362fd5f9ae26,6f9dc2c700b03ed3,13a774ee64c587ac
afrcnn12,500,S3p,2026,incomplete,,40000,500,3059372,0.001,,,,gap_rank,e2aaac3f06ba53d6,6f9dc2c700b03ed3,13a774ee64c587ac
afrcnn12,500,S3p,42,incomplete,,40000,500,3059372,0.001,,,,gap_rank,fb577f008c931dc6,6f9dc2c700b03ed3,13a774ee64c587ac
afrcnn12,500,S3p,7,incomplete,,40000,500,3059372,0.001,,,,gap_rank,8988847f82ad6f47,6f9dc2c700b03ed3,13a774ee64c587ac
afrcnn12,500,S3p,99,incomplete,,40000,500,3059372,0.001,,,,gap_rank,fbab394aaab6a21f,6f9dc2c700b03ed3,13a774ee64c587ac
afrcnn12,5000,S1,2026,completed,40000,40000,5000,3059372,0.001,,347.18,5,random,5aad9d97f294ff32,6f9dc2c700b03ed3,13a774ee64c587ac
sudormrf,1000,S0,13,completed,40000,40000,20000,1539895,0.001,,418.17,9,full,,2ef26d2e6707e309,69ed6fe4a66bfec0
sudormrf,1000,S0,2026,completed,40000,40000,20000,1539895,0.001,,418.29,10,full,,2ef26d2e6707e309,69ed6fe4a66bfec0
sudormrf,1000,S0,42,completed,40000,40000,20000,1539895,0.001,,296.57,7,full,,2ef26d2e6707e309,69ed6fe4a66bfec0
sudormrf,1000,S0,7,completed,40000,40000,20000,1539895,0.001,,418.43,10,full,,2ef26d2e6707e309,69ed6fe4a66bfec0
sudormrf,1000,S0,99,completed,40000,40000,20000,1539895,0.001,,296.63,8,full,,2ef26d2e6707e309,69ed6fe4a66bfec0
sudormrf,1000,S1,13,completed,40000,40000,1000,1539895,0.001,,418.64,12,random,d54b945e50e20dfa,2ef26d2e6707e309,69ed6fe4a66bfec0
sudormrf,1000,S1,2026,completed,40000,40000,1000,1539895,0.001,,418.54,11,random,7e8c7eedb3f7922c,2ef26d2e6707e309,69ed6fe4a66bfec0
sudormrf,1000,S1,42,completed,40000,40000,1000,1539895,0.001,,296.31,3,random,f84f21cdeaf38f2d,2ef26d2e6707e309,69ed6fe4a66bfec0
sudormrf,1000,S1,7,completed,40000,40000,1000,1539895,0.001,,418.63,11,random,1b37230791199905,2ef26d2e6707e309,69ed6fe4a66bfec0
sudormrf,1000,S1,99,completed,40000,40000,1000,1539895,0.001,,296.56,6,random,a65b478b7a45224c,2ef26d2e6707e309,69ed6fe4a66bfec0
sudormrf,1000,S2,13,completed,40000,40000,1000,1539895,0.001,,418.47,11,hard,4f5103a7e006f10f,2ef26d2e6707e309,69ed6fe4a66bfec0
sudormrf,1000,S2,2026,completed,40000,40000,1000,1539895,0.001,,418.35,12,hard,b441e6b605cd463e,2ef26d2e6707e309,69ed6fe4a66bfec0
sudormrf,1000,S2,42,completed,40000,40000,1000,1539895,0.001,,296.44,4,hard,3e2d65a29814ed90,2ef26d2e6707e309,69ed6fe4a66bfec0
sudormrf,1000,S2,7,completed,40000,40000,1000,1539895,0.001,,418.63,12,hard,9be68b804311173b,2ef26d2e6707e309,69ed6fe4a66bfec0
sudormrf,1000,S2,99,completed,40000,40000,1000,1539895,0.001,,296.33,3,hard,5e7d044f86c531fb,2ef26d2e6707e309,69ed6fe4a66bfec0
sudormrf,1000,S3,13,completed,40000,40000,1000,1539895,0.001,,316.43,5,gap_db,ea31a58d6dea40c1,2ef26d2e6707e309,69ed6fe4a66bfec0
sudormrf,1000,S3,2026,completed,40000,40000,1000,1539895,0.001,,316.58,5,gap_db,a38ae026e40043a7,2ef26d2e6707e309,69ed6fe4a66bfec0
sudormrf,1000,S3,42,completed,40000,40000,1000,1539895,0.001,,316.62,5,gap_db,f2a346b204b6d0b5,2ef26d2e6707e309,69ed6fe4a66bfec0
sudormrf,1000,S3,7,completed,40000,40000,1000,1539895,0.001,,316.45,5,gap_db,8c037161db96a849,2ef26d2e6707e309,69ed6fe4a66bfec0
sudormrf,1000,S3,99,completed,40000,40000,1000,1539895,0.001,,316.75,5,gap_db,2fc196183d1ba00b,2ef26d2e6707e309,69ed6fe4a66bfec0
sudormrf,1000,S3p,13,completed,40000,40000,1000,1539895,0.001,,418.43,9,gap_rank,2a92102b97d038e9,2ef26d2e6707e309,69ed6fe4a66bfec0
sudormrf,1000,S3p,2026,completed,40000,40000,1000,1539895,0.001,,418.45,11,gap_rank,3587c926d113c289,2ef26d2e6707e309,69ed6fe4a66bfec0
sudormrf,1000,S3p,42,completed,40000,40000,1000,1539895,0.001,,296.57,8,gap_rank,3a7778f56d561f1d,2ef26d2e6707e309,69ed6fe4a66bfec0
sudormrf,1000,S3p,7,completed,40000,40000,1000,1539895,0.001,,418.2,9,gap_rank,e61875251635c5cc,2ef26d2e6707e309,69ed6fe4a66bfec0
sudormrf,1000,S3p,99,completed,40000,40000,1000,1539895,0.001,,296.54,5,gap_rank,4e947c9b919d8594,2ef26d2e6707e309,69ed6fe4a66bfec0
sudormrf,200,S1,2026,completed,40000,40000,200,1539895,0.001,,316.7,9,random,d4c9aaa4c57811e2,2ef26d2e6707e309,69ed6fe4a66bfec0
sudormrf,2000,S1,2026,completed,40000,40000,2000,1539895,0.001,,316.74,9,random,dd81a89a7210fbf6,2ef26d2e6707e309,69ed6fe4a66bfec0
sudormrf,500,S1,2026,completed,40000,40000,500,1539895,0.001,,316.68,9,random,0254c3cfcdd77484,2ef26d2e6707e309,69ed6fe4a66bfec0
sudormrf,5000,S1,2026,completed,40000,40000,5000,1539895,0.001,,316.64,9,random,5aad9d97f294ff32,2ef26d2e6707e309,69ed6fe4a66bfec0
